Demand,PEA,MARKET NAME,REAG,MHzPOPs,M1,M2,M3,M4,M5,M6,M7,M8,M9,M10,N1,N2,N3,N4,N5,N6,N7,N8,N9,N10,N11,N12,N13,N14
4,PEA001,"New York, NY",REAG 1,2523706100,6615973,10191105,25804831,20636766,1711053,863002,15187006,19251447,3084346,4875270,12237269,19562006,18899642,18174617,1807687,24747708,15716780,20190225,1331239,24599496,4697131,10686147,15570026,5927333
4,PEA002,"Los Angeles, CA",REAG 6,1941016900,14509623,17629068,22661285,20106728,20983701,15346123,9109351,16116580,6095642,4042975,11354729,19583201,14912538,1024792,13224995,11273518,7152802,25214595,15456079,14741929,18553450,23710797,21543728,2913573
4,PEA003,"Chicago, IL",REAG 3,936671300,17120843,11995532,11116217,4864130,21096862,11145567,10573802,3706145,8016206,15705678,16511194,18666212,21074976,7589569,18194131,20190895,8239693,14001670,2342585,19429419,20742917,17501039,11472168,17413972
4,PEA004,"San Francisco, CA",REAG 6,902793700,704994,44384,710990,921400,221015,1294547,960103,38208,1268358,297763,1029497,99128,672748,1086794,291627,666815,284462,648055,696667,844620,279535,1334807,611564,1198137
4,PEA005,"Baltimore, MD-Washington, DC",REAG 2,784213400,549038,4373924,1380965,1370323,459635,7419164,8296513,5151787,3384508,7009945,3474077,5557709,2081546,102544,3789845,1845390,7077574,2750154,8232932,5336119,4619218,6579167,2957105,8405037
4,PEA006,"Philadelphia, PA",REAG 1,758725200,5744185,7851538,4773885,1643821,1541122,6113552,2918129,6759045,578501,5440086,5123310,4321823,7969327,8055038,7598492,4412631,6899001,6078274,6256456,2037941,2087632,3183467,1485113,9546536
4,PEA007,"Boston, MA",REAG 1,677603500,5282550,7468482,6084548,9705095,8541535,2539692,7888041,3269296,8019388,5236505,1485911,11446318,10249431,2614310,4829824,5810922,9040418,313678,1127140,7367257,2203718,6923110,5567535,8209216
4,PEA008,"Dallas, TX",REAG 5,645247200,2181235,1356019,349622,2182409,1385082,1476647,1505411,486257,1501700,2058050,590562,883543,701969,1281527,2022764,1818084,1410804,825550,1002830,781490,2270830,105117,1371566,958664
4,PEA009,"Miami, FL",REAG 2,629188000,1539962,3080895,1329712,715834,1184500,1257617,2653088,1263899,2405712,1162296,2067116,2635088,816643,2725382,3110884,2773362,220336,2322078,3071410,2426045,2162909,1920454,27214,165559
4,PEA010,"Houston, TX",REAG 5,589199900,1097512,7207703,6763446,2731895,5935428,4393824,9245864,10132872,3298987,2334024,5737233,5867336,5975158,3763631,9209459,5600086,5363518,4387609,7683748,9543153,3825808,2236854,2505353,3298007
4,PEA011,"Atlanta, GA",REAG 2,543531200,2107099,3580639,2185453,4203184,586639,4770732,577659,4577332,1992056,3768144,4046502,1786225,4053959,2431174,3858065,141073,3992122,3420445,4765980,3496772,4625205,3525622,4024101,1222407
4,PEA012,"Detroit, MI",REAG 3,513747900,4760056,580230,714950,1143874,203213,1491475,6792647,7424376,2608111,4550983,3218129,6362994,2571215,1551896,6043117,5891369,3000140,512874,1902280,3164264,7248941,4408312,2668301,2215202
4,PEA013,"Orlando, FL",REAG 2,456264200,103901,273434,121967,235827,1085758,333667,685998,625460,378543,558540,1063280,808786,268895,741440,155740,749348,782992,70460,68966,999117,87228,289748,646058,180391
4,PEA014,"Cleveland, OH",REAG 3,409667800,1999816,422476,1004486,2428865,1866565,146620,3122743,536432,279355,412921,377616,1636823,2830799,1996889,57366,1888359,75734,698822,904127,1766769,644585,2455429,559507,751176
4,PEA015,"Phoenix, AZ",REAG 5,381711700,7256910,782110,3392455,7014922,2523042,1625459,5480865,1874956,1198787,2872120,5462863,2658447,5006513,2675892,448258,3202401,3290552,7096991,3739362,5469035,2205700,1108022,5983157,6472625
4,PEA016,"Seattle, WA",REAG 6,379221800,291715,508120,363935,330128,590234,570363,406040,197946,637416,179705,590644,355157,338947,99598,155821,111115,607678,423279,245914,110300,529149,278898,25834,261380
4,PEA017,"Minneapolis-St. Paul, MN",REAG 3,339009100,986741,977155,367930,229937,287374,550316,502770,44160,622590,111023,226356,415701,13330,66850,521033,205977,850624,744519,1110593,875115,350528,614119,134691,157138
4,PEA018,"San Diego, CA",REAG 6,309531300,186735,2236025,2263708,890543,351445,2637353,972708,797994,1369891,1704486,1137326,791292,2453845,2169408,197111,1470646,2076592,2034038,1189582,2406846,1577082,2518725,549769,620352
4,PEA019,"Portland, OR",REAG 6,302264300,567322,1773940,1244517,613503,804914,1974473,424403,839698,1515903,366379,917871,492178,2003053,619363,1859014,1760504,135695,1233228,238555,1314692,1707435,1788553,6159,1190811
4,PEA020,"Denver, CO",REAG 5,278966900,17764,33108,21083,15155,21598,25796,14195,18572,7021,16157,18392,5705,5312,34480,8044,35163,16915,34908,8758,11612,14038,3638,25521,29581
4,PEA021,"Tampa, FL",REAG 2,278324300,520054,322365,199785,563182,439324,579477,432267,334253,576584,486427,227102,547065,287532,299457,158457,323547,308584,285735,113354,214860,209904,29244,2437,421279
4,PEA022,"Sacramento, CA",REAG 6,272241500,418251,494419,1038273,1263386,317198,457226,77311,1134114,31097,237182,332632,714176,864075,643330,737680,500450,530368,1202892,672530,205188,824193,1210935,1036931,109169
4,PEA023,"Pittsburgh, PA",REAG 3,239966700,453693,904211,228907,232415,128715,533412,237599,1082699,638383,827561,529459,1169801,723428,983615,659267,1185927,416828,1213655,972856,1075612,763601,821629,988622,365214
4,PEA024,"Saint Louis, MO",REAG 4,239693800,1224471,743326,1291583,1115803,1767171,516317,1615479,965659,1715684,1136127,1874916,216542,901181,615589,1063146,266252,1814267,788264,1342688,1233629,605814,4849,325283,1857475
4,PEA025,"Cincinnati, OH",REAG 3,219642800,483981,618485,529035,124245,574540,372187,266737,573015,157854,309159,308787,121608,73892,667523,561899,732424,327645,586779,753683,584046,291294,199929,723981,701674
4,PEA026,"Las Vegas, NV",REAG 6,215145500,1511010,1379481,1101624,872559,468898,1159272,1329643,1793253,1042317,944552,406039,1471117,1329590,1347202,1137481,1692580,1113265,1232223,1637061,1753326,1104153,1670720,306375,1714462
4,PEA027,"Salt Lake City, UT",REAG 6,214215200,366483,219431,831142,870842,293773,538796,440810,604325,719278,910599,383053,81110,734927,49900,823712,133921,190195,555882,790831,805304,319267,843303,46902,638001
4,PEA028,"San Antonio, TX",REAG 5,199968900,6353,4763,18890,5058,17153,18572,5100,16882,12188,21987,8891,13474,3344,9746,17846,15432,13247,16203,10896,12000,3875,7443,10424,17603
4,PEA029,"Jacksonville, FL",REAG 2,191826400,444772,2155484,643758,1279285,212340,343888,913654,1398104,1636526,890286,2071872,1046631,42849,1800949,1849554,310422,742463,931770,276329,1520623,1254129,2165671,404018,747268
4,PEA030,"Kansas City, MO",REAG 4,181007500,395669,713086,464513,682950,168630,830022,2323464,1968284,953401,536692,735687,1504790,271988,2187268,428971,2172242,414889,2023971,753258,800757,459516,1265779,254857,732588
4,PEA031,"Indianapolis, IN",REAG 3,176901100,63655,52314,97319,12540,106971,22913,103515,64892,62478,25571,33545,98975,54372,2276,18320,35614,115431,35548,123716,89202,885,48161,70789,26504
4,PEA032,"Nashville, TN",REAG 4,174844500,1696646,425205,724916,1927169,1345249,725998,2008920,1744161,1231041,434352,1656790,364716,1433897,569161,1242025,1890964,1277377,1546390,1946561,1417579,1902460,1702332,443580,1601723
4,PEA033,"Virginia Beach, VA",REAG 2,169883500,1341969,1419596,1530329,949906,1558687,192649,1568130,241776,397546,274322,378652,510766,1660961,223248,1128740,320817,1121892,228556,548401,1178398,625783,1796445,337729,1622177
4,PEA034,"Fresno, CA",REAG 6,167647600,70724,145808,30804,58744,71341,101113,131317,23537,150304,86956,140447,40543,44403,111936,126141,112236,134426,34495,20726,148230,74216,115755,50094,145180
4,PEA035,"Austin, TX",REAG 5,162880900,14728,111868,121190,159933,49131,36947,15316,148443,144017,9186,67959,54909,33447,77036,187022,153116,225639,153404,17777,70487,64785,50482,203450,40562
4,PEA036,"New Orleans, LA",REAG 4,162214300,1439509,342217,2229761,1388210,987364,1681126,316318,1421611,1609754,833280,1136938,995918,1654938,643640,1381369,2023144,555650,914094,1844698,776533,265460,65453,1540876,1329062
4,PEA037,"Columbus, OH",REAG 3,158291700,192486,121626,78420,48449,119648,240360,462610,273325,253048,380408,431588,393193,203741,307836,274408,349483,70644,145150,53668,232324,147971,276962,278359,27908
4,PEA038,"Milwaukee, WI",REAG 3,155590800,1760855,1566146,3507300,2186489,236071,2906696,1941081,2028338,1731316,3657814,2555921,2003775,1560258,2456888,3173567,3701139,137116,1800813,1263803,322063,3209162,3531388,2121564,1927573
4,PEA039,"Oklahoma City, OK",REAG 5,144652700,1044115,2155751,3011643,639220,915542,1931079,834310,3660814,746678,1277687,2762617,2459869,1670182,2372324,716145,1521095,3804035,1862795,1309664,1390183,2034605,1747665,91124,2242576
4,PEA040,"Birmingham, AL",REAG 4,139968600,873807,151140,125417,849737,131373,343793,256582,238205,290197,514250,549361,672835,313714,848180,635328,219113,763979,22104,808977,647898,225426,519438,36758,256655
4,PEA041,"Syracuse, NY",REAG 1,137195900,458203,349627,17224,317503,463192,155052,366685,326143,76949,92940,355494,500487,4088,235737,243785,303124,456418,392175,402636,247821,285146,104718,89188,98193
4,PEA042,"Honolulu, HI",REAG 6,136030100,187103,274126,274287,103482,171330,249092,289483,288210,182929,118585,125763,230434,177203,51904,64255,93875,162693,114903,231140,55213,4193,83938,303106,101079
4,PEA043,"Charlotte, NC",REAG 2,132700600,722476,474441,1157454,1667639,1822448,1028137,1737154,1482513,476760,264591,1698202,1763285,1200704,731740,117326,567824,149558,924474,1299948,166559,335748,624784,1041980,1131604
4,PEA044,"Rochester, NY",REAG 1,131614600,119756,118379,220288,15794,173136,183192,140511,228416,213074,220766,119355,249768,31597,171796,110626,288422,251818,165450,281325,99254,1160,232954,100140,275064
4,PEA045,"Raleigh, NC",REAG 2,130238100,372964,732725,203402,188296,777777,261110,974134,717341,145751,114753,173179,1001923,545136,739428,378934,59586,797808,246791,876225,128637,948846,145408,16049,278622
4,PEA046,"Little Rock, AR",REAG 4,127569000,250740,407319,181239,197140,566832,372621,125093,500738,620624,139218,561104,97464,476264,77727,584151,442190,142663,27179,41692,403861,486297,552246,218812,238225
4,PEA047,"Brownsville, TX",REAG 5,126409100,166253,205674,446679,613027,240922,21560,523750,188697,449697,132917,249596,406986,319027,327256,500290,237042,354155,59416,481005,531395,518775,76504,301772,230111
4,PEA048,"Harrisburg, PA",REAG 1,124405800,2012,723,1283,413,905,1676,400,736,830,433,930,1634,129,1745,1812,1107,1323,605,880,909,649,1632,2089,1570
4,PEA049,"Albany, NY",REAG 1,122254200,147493,93444,130722,1954,98511,121317,54617,64690,64043,15505,47231,18569,152136,81549,99961,69917,106545,125849,53068,83923,3327,58378,132023,46104
4,PEA050,"Greenville, SC",REAG 2,122096800,68691,84840,23773,39334,56004,83015,61275,45151,4202,42673,78739,38566,15304,43603,53859,36181,18129,71932,63144,54453,58687,78563,79777,56498
4,PEA051,"Louisville, KY",REAG 4,119426000,61277,107571,42252,27604,94811,145134,58353,109441,16842,78282,35325,20588,68876,154627,25587,150362,22640,12288,91079,119743,125707,33541,118426,71939
4,PEA052,"Charleston, WV",REAG 3,119182200,25218,3420,8610,35795,4133,30842,11852,6523,31316,17214,25352,6239,21387,32367,20552,27767,19925,36451,5446,38957,10534,11242,27148,24341
4,PEA053,"Tucson, AZ",REAG 5,115902900,41596,47468,39775,170,7312,34548,89713,67920,30038,35204,49366,74543,217,8877,87033,7701,9313,49319,26437,66271,24185,67518,72378,22853
4,PEA054,"Buffalo, NY",REAG 1,113550900,47574,183050,264013,151528,244213,44871,159637,140138,239189,16926,204714,104826,187036,190050,139657,249607,120657,240597,237649,98971,208457,11668,267147,38094
4,PEA055,"Huntsville, AL",REAG 4,110540900,33594,90991,61207,89281,84340,86993,45829,52019,50908,46178,64433,8479,35721,41822,65345,45502,97344,68426,29041,54479,3859,23622,33308,43566
4,PEA056,"Kalamazoo, MI",REAG 3,109582700,1820,22413,3284,11125,15774,7024,7594,22112,12471,20917,4975,5789,3103,14214,19748,4603,9012,17533,15975,15584,4965,14115,11997,23184
4,PEA057,"Richmond, VA",REAG 2,108066100,93892,162404,156961,111711,215119,256518,220687,77738,176980,73395,232586,132478,106089,86328,730,228909,109200,140133,186593,51258,189962,39578,47279,72327
4,PEA058,"Bloomington, IN",REAG 3,106972900,85640,30121,114016,95583,80283,114021,147396,102349,48236,40813,72960,112843,68206,51492,61337,29833,84195,12939,75249,157357,135850,143533,3546,99253
4,PEA059,"Memphis, TN",REAG 4,103962700,37145,166915,56996,165028,26304,14586,42160,98368,84629,115832,59270,168118,130694,119275,76823,116023,78165,62845,102125,37162,121814,98400,146190,137681
4,PEA060,"Manchester, NH",REAG 1,102562000,85541,155473,217983,173566,224316,220437,103598,946,98418,138523,154221,204307,147125,58973,128660,181544,143757,60186,136780,178739,217253,202285,165784,53851
4,PEA061,"Toledo, OH",REAG 3,102308100,16466,8471,13775,22577,2213,1118,1966,20676,8538,584,21579,14664,16593,9280,12112,4682,26148,20996,5381,16878,19666,13840,26998,19637
4,PEA062,"Dayton, OH",REAG 3,101993200,2379,1662,8223,1150,4874,12558,8507,14923,13450,5545,11823,6393,3593,4709,301,9070,486,12089,2301,3081,12199,3112,11272,1191
4,PEA063,"Tulsa, OK",REAG 5,96907800,415071,28565,879201,588469,266997,477443,549610,664994,539272,309399,486923,71990,392291,132703,864450,623634,65996,27985,41630,339880,451710,935152,851140,75712
4,PEA064,"South Bend, IN",REAG 3,95402900,20620,11462,2137,16791,6707,14407,14217,11322,26614,26101,2858,21001,11580,10874,13709,27029,26927,11839,16202,5811,2903,4452,26667,9877
4,PEA065,"Cape Coral, FL",REAG 2,94027400,19886,330,30937,3322,5688,26704,25532,6358,19869,27856,6024,19598,10063,194,16509,20103,22080,15088,10577,19679,9415,1297,16479,8614
4,PEA066,"Lansing, MI",REAG 3,92288500,43590,27937,19409,10955,32756,22071,16489,45588,42530,23527,29724,29689,49686,24896,13137,46849,13049,23370,39297,2583,43838,15617,36725,36776
4,PEA067,"Sarasota, FL",REAG 2,89712100,10720,8029,10571,28705,13854,32298,12987,2142,18666,15550,5750,15454,22400,24237,3894,3051,33695,25696,35000,9918,25521,7649,26112,10149
4,PEA068,"Grand Rapids, MI",REAG 3,86642300,15978,6278,7413,35351,22518,42301,11338,3353,4315,3434,43032,28660,22059,758,42945,11500,16552,3290,19889,20091,3669,25762,10129,23390
4,PEA069,"Springfield, MA",REAG 1,86128600,2042,20144,6065,1526,2552,21486,22465,15124,7577,577,5956,6112,9852,1474,24433,23999,18013,16104,13870,6261,11922,22002,5788,21938
4,PEA070,"Eugene, OR",REAG 6,85931800,186554,186569,300113,276029,210097,101693,259372,103471,43759,29101,292338,183686,105831,215365,1537,154792,261067,96104,194339,133181,256495,238631,114813,238139
4,PEA071,"Knoxville, TN",REAG 4,83714200,649096,931301,62231,120206,156793,672869,778407,1180868,186280,316089,215112,643085,1159887,1178125,857050,1162765,665440,277878,361335,610195,504947,957104,91095,113372
4,PEA072,"Tallahassee, FL",REAG 2,80164200,36108,63442,69806,28338,58388,41617,70101,48598,20077,25858,56121,50822,63776,71570,30244,46924,33620,43228,47370,35048,69931,73108,41859,25758
4,PEA073,"El Paso, TX",REAG 5,80064700,36236,37267,109676,121409,127303,46279,142,76806,130866,118863,88692,45777,118054,11809,112399,47427,124227,73409,15606,18648,106214,75047,12382,28116
4,PEA074,"Chattanooga, TN",REAG 2,79715400,860,14847,12469,38282,39210,20568,22724,24870,29698,11606,8950,2646,34041,47554,3668,48168,36496,39763,33700,47832,18934,27365,29254,9362
4,PEA075,"Albuquerque, NM",REAG 5,79412500,447244,361297,537181,419964,281824,227475,546644,514544,628974,181007,21998,741438,3219,525864,57428,419599,69409,680894,134248,102449,612544,272306,395897,103262
4,PEA076,"Reno, NV",REAG 6,78650100,49293,68142,33646,33595,117007,58201,147720,92343,59631,45866,19468,65732,9720,46032,119919,57012,15317,48481,117664,141273,52399,32225,94230,45417
4,PEA077,"Portland, ME",REAG 1,78459400,7965,29369,63212,19635,436,40337,13303,56369,81162,66279,83919,21234,38088,8076,18664,13167,75003,26853,39497,20438,27597,14569,4102,18266
4,PEA078,"Greensboro, NC",REAG 2,78128900,180634,249657,242785,197515,245892,226169,188113,71157,107824,115527,185439,157003,644,69624,101359,54786,126684,199438,48351,82354,239366,87123,152780,170812
4,PEA079,"Hattiesburg, MS",REAG 4,78083300,1351,12300,9378,14984,9047,10017,7546,10082,7478,18578,17063,3093,13994,12278,8186,17946,6763,4493,2599,16189,12848,6218,3157,18482
4,PEA080,"Omaha, NE",REAG 5,76910800,520616,530680,728095,311194,609244,212543,303041,486003,415599,225756,549580,578977,292276,284181,671705,305642,571798,70386,96637,590153,703284,452990,585154,330237
4,PEA081,"Saginaw, MI",REAG 3,76736200,1985,15006,25574,14393,8344,7073,18294,12042,12810,2825,7400,1510,9950,7158,26301,3366,12559,26015,8857,11373,6602,7780,21721,23769
4,PEA082,"Baton Rouge, LA",REAG 4,75600800,40755,43003,34283,2405,41439,39502,45134,20777,12049,36040,11255,42170,41017,33162,10124,40051,30402,28980,12506,12599,16917,29320,21049,23934
4,PEA083,"Fort Wayne, IN",REAG 3,74868000,11520,6437,68,25219,28774,30199,22345,22224,9205,22126,672,3856,24367,9330,21424,12204,25617,16558,29430,30261,16326,10648,18255,9223
4,PEA084,"Mobile, AL",REAG 4,72495600,3482,8878,979,9758,4256,5596,3616,10681,3832,7872,4996,4143,6021,615,2055,10569,8585,3938,6580,11072,11879,2253,834,1107
4,PEA085,"Charleston, SC",REAG 2,70349900,80925,207329,68395,192071,44469,59656,171920,118115,76436,57139,110704,128005,178770,266752,11929,149049,256695,144690,96738,248640,272257,260476,170624,77663
4,PEA086,"Frankfort, KY",REAG 4,68531700,726377,81861,849538,947597,436332,126986,644948,1164456,686291,494404,91484,487833,320662,432057,368594,923975,911842,675911,443032,769484,37676,113689,1008302,32092
4,PEA087,"Pensacola, FL",REAG 4,68485600,22542,648,18325,9182,4037,4306,504,15193,11000,14083,21359,13263,6271,16285,15552,17145,17265,11627,20593,23426,4307,9872,1736,18928
4,PEA088,"Frederick, MD",REAG 2,67867400,160760,298618,353087,29150,277909,241944,32541,106688,276652,176806,309171,249439,151862,383383,183238,361372,16547,47910,62353,240379,126490,243533,330499,368345
4,PEA089,"Columbia, SC",REAG 2,64689500,436099,524872,148494,558143,498394,717819,529234,464172,342766,443,490659,264746,528478,703601,365559,266810,112596,303176,46321,139228,69665,527702,681235,66920
4,PEA090,"Jackson, MS",REAG 4,64627900,4099,20652,17128,32506,7451,26035,12286,22185,3511,29120,28302,21053,7842,28869,14181,23982,34365,7512,27197,6698,27379,9820,34326,18473
4,PEA091,"Colorado Springs, CO",REAG 5,64561300,115712,144580,164560,55024,64319,107174,26558,142015,106974,129567,110614,34290,171537,40264,63195,89296,121415,125140,100415,68892,49284,173081,150201,65982
4,PEA092,"Decatur, IL",REAG 3,64486500,14719,32601,24425,21414,16012,21407,16388,16276,34980,29835,31676,19893,629,8773,6941,23423,7594,27847,8628,35614,16506,3883,33269,8114
4,PEA093,"Lafayette, LA",REAG 4,63876800,30282,6830,11880,15084,29772,24471,13551,27463,2862,33385,27370,3943,22909,26157,18828,21392,23700,24742,130,30072,29398,4236,10901,17338
4,PEA094,"Waco, TX",REAG 5,63839500,48176,20095,29718,21997,6722,18868,45623,12913,36958,18062,19342,17342,22308,33506,3428,11758,30659,16686,33956,40135,46790,32441,45215,42415
4,PEA095,"Bluefield, WV",REAG 4,63112000,14468,8653,4117,6672,11521,10900,6925,1704,12509,8620,2371,11111,3948,15283,7052,616,1007,657,10792,5265,1940,10046,11160,5804
4,PEA096,"Richmond, KY",REAG 4,62004900,911038,850030,537054,99380,359241,558053,407558,764493,224358,306359,878384,472651,927197,646414,38100,407449,243227,468230,254489,29575,262397,481649,707032,633664
4,PEA097,"Mankato, MN",REAG 3,61766300,20105,15328,10055,26397,23299,21783,3737,22168,8009,9028,28638,38,8847,13027,29894,18616,12312,13308,26040,7626,29667,29987,6632,12889
4,PEA098,"Johnson City, TN",REAG 4,60929900,6860,17131,7796,517,8405,10073,29573,13078,11280,24185,11711,20040,4517,3636,13821,18448,29891,29931,4684,6911,8917,2706,1106,15854
4,PEA099,"Tupelo, MS",REAG 4,59946200,16551,15949,553,16321,22395,22332,1978,267,4224,24806,14412,6757,23681,23311,704,9171,21513,10208,22849,11314,11730,12845,4505,7338
4,PEA100,"Greenville, NC",REAG 2,57190500,119810,120485,17666,69093,74836,32673,26139,82240,76770,132475,118360,106963,73114,127677,23224,96911,127242,49717,53422,126028,13562,46312,20348,46952
4,PEA101,"Wichita, KS",REAG 5,56424500,1512,1440,687,201,28,1283,799,276,1173,1448,576,1245,330,941,1115,687,871,1200,100,1066,1465,576,679,1490
4,PEA102,"Grand Junction, CO",REAG 5,56234000,11026,8689,3033,5577,10008,7303,2947,7663,7459,2816,2377,10423,8914,2165,7078,3803,10254,3977,6951,6618,11027,9600,9667,3734
4,PEA103,"Winchester, VA",REAG 2,55640800,136198,84658,223338,151969,211993,69344,175253,32824,194517,211021,206455,204696,78073,84312,73344,181197,151436,42110,217457,4009,129434,221585,142109,98549
4,PEA104,"Fort Collins, CO",REAG 5,55245500,27703,40632,31373,37008,25285,2275,35754,20178,58046,63198,29016,18510,9776,40926,8505,27135,57497,4698,29815,48336,41239,6132,14675,30948
4,PEA105,"Augusta, GA",REAG 2,55215000,542,2847,1304,1900,2575,3748,239,916,1498,3463,398,2457,1639,1452,2879,1526,3513,2275,1855,2815,1314,1513,2633,363
4,PEA106,"Zanesville, OH",REAG 3,54801700,1152,475,2731,2376,32,1317,1796,619,2635,325,998,2828,480,1248,2102,211,76,2637,434,2104,202,1186,1924,1211
4,PEA107,"Bangor, ME",REAG 1,54376700,38657,8721,10159,32989,18499,19600,15515,29439,15365,36655,5910,13012,36917,20518,532,36820,24650,2529,21181,33536,9783,37874,2321,11241
4,PEA108,"Des Moines, IA",REAG 3,54300000,466654,199164,434140,169315,347147,412248,440270,200091,313960,189087,341094,42236,465376,287907,282953,424255,172145,117142,204484,288066,387203,431601,426386,107298
4,PEA109,"Rocky Mount, NC",REAG 2,53680900,4381,18786,20118,7449,7520,7659,17012,32819,18256,31435,33681,36095,6995,16449,24014,30220,5023,14115,25572,28039,16616,909,24363,12568
4,PEA110,"Jackson, TN",REAG 4,53353900,856,752,1741,2346,1620,10,2469,50,468,1310,1869,2188,537,185,1995,2157,989,868,1627,331,1853,1241,1187,579
4,PEA111,"Fayetteville, AR",REAG 4,52737400,730,2297,2698,2176,492,705,4,1489,1041,1211,3133,2126,2462,4200,2678,3329,2230,3106,5601,5896,1920,2957,5123,346
4,PEA112,"Bowling Green, KY",REAG 4,52662100,2079,2623,26037,31582,25126,34889,25302,22722,19197,27864,13675,33808,8538,17862,4606,33856,22862,1607,3215,19906,5971,7029,15149,30749
4,PEA113,"Erie, PA",REAG 3,51383400,6165,4128,1049,4631,1042,2997,5899,277,6035,5103,6135,507,1184,3687,3809,4804,2266,5891,3378,2523,6524,5742,3940,5265
4,PEA114,"Morgantown, WV",REAG 3,51283000,334446,202080,358203,65015,452951,667566,459898,554253,195767,441721,858302,758049,613979,694982,79449,498358,179021,528988,548321,252859,519312,623511,556348,163190
4,PEA115,"Asheville, NC",REAG 2,51220000,261508,179216,129829,124855,12,104432,41106,226043,241321,4765,25758,203764,234373,220886,191959,215663,153725,144346,57414,122163,229171,214668,200003,168573
4,PEA116,"Rockford, IL",REAG 3,50976200,85083,95664,66042,87865,42332,2502,29641,92535,11501,36193,93832,46502,43737,57094,11946,29307,92218,88319,54429,5163,85311,21741,7273,74049
4,PEA117,"La Grange, GA",REAG 2,50177100,321625,95306,266869,153471,6413,250206,306119,249683,151759,181327,126657,267986,144812,191300,131672,279207,2295,57819,10000,78859,103234,91509,102572,98821
4,PEA118,"Richmond, IN",REAG 3,49685000,4014,1636,7863,3197,4963,10513,4463,5220,6139,9885,4171,279,90,1529,149,1261,2761,3797,10140,1558,8999,5583,9353,4395
4,PEA119,"Yakima, WA",REAG 6,49657100,88361,226170,224364,142628,143332,133412,191642,274135,281003,53319,227791,127336,241623,215975,174167,99018,245203,174818,239545,38908,220209,170684,108974,262047
4,PEA120,"Shreveport, LA",REAG 5,49221300,1290,299,90,1809,80,934,575,889,476,1420,1507,1635,711,695,381,914,399,137,1838,1296,1489,187,1772,242
4,PEA121,"Altoona, PA",REAG 3,49086700,6292,9787,7745,9604,5954,8864,9354,7604,181,9457,5107,6036,4778,133,9104,8483,9956,8488,7893,3769,2021,345,7530,2719
4,PEA122,"Madison, WI",REAG 3,48807300,7374,33085,10806,30316,8702,38892,23717,15995,30135,32035,6722,2861,24513,15756,19329,31892,673,38573,16235,30932,19299,10180,677,17593
4,PEA123,"Mansfield, OH",REAG 3,48673000,7001,5817,4398,3706,3470,3991,91,1215,5254,8502,9449,4494,6158,6476,10802,2608,9230,4290,457,6108,3918,3783,8154,7046
4,PEA124,"Olympia, WA",REAG 6,48213500,18416,699,28715,8104,7244,38056,36121,48266,1346,7851,6547,7312,39114,3272,846,8448,31080,26222,31678,42652,15934,53850,4673,2097
4,PEA125,"Alton, IL",REAG 4,47617400,76200,203632,628341,268951,112916,448250,227421,401934,576264,671742,620247,578486,282294,386236,239051,650712,187818,91441,202915,43102,560687,134447,358791,82027
4,PEA126,"Casa Grande, AZ",REAG 5,47502400,33774,22950,16298,38119,16705,10357,31920,1494,37050,4190,2647,26181,40067,44578,30544,36845,6760,28345,14119,45370,31636,14148,32542,29828
4,PEA127,"Evansville, IN",REAG 4,47425100,3684,607,1687,1423,1687,259,1284,998,1192,3454,3493,641,3065,1035,1659,3332,3653,1315,1776,288,3660,2734,845,2723
4,PEA128,"Macon, GA",REAG 2,47224100,22895,7674,15335,9330,11043,15596,2035,10865,10350,21238,6608,8852,3287,26134,827,21687,1609,22756,1878,19580,21255,9641,13909,14572
4,PEA129,"Springfield, IL",REAG 3,47182300,20419,491787,280944,60492,235726,96495,126402,123427,346727,181198,38847,455578,212879,65259,357950,206052,470319,407253,204917,487326,34686,422663,347156,11092
4,PEA130,"Spokane, WA",REAG 6,47122100,1242,16018,3566,13926,4596,19832,9151,361,5660,15029,6878,313,11439,7509,18089,5823,7264,11046,1923,9962,73,18307,3558,2387
4,PEA131,"Sanford, NC",REAG 2,46835800,360337,414694,171936,405159,63843,442021,53414,385440,131389,135684,181199,194062,131439,39360,144128,76985,267559,91973,380585,181912,249196,143661,236407,79424
4,PEA132,"Corpus Christi, TX",REAG 5,46742900,5748,776,8585,6313,4993,9619,697,203,8857,4932,7353,802,3730,9378,4558,1680,1114,3365,3337,6604,4898,9202,1648,9325
4,PEA133,"Nacogdoches, TX",REAG 5,46470400,648,14160,34122,15098,31686,34814,229,17026,34530,41864,40771,20562,30209,19203,26877,22877,34470,11393,41052,1542,35696,5888,26761,27038
4,PEA134,"Newark, OH",REAG 3,46380000,15988,32358,40754,20329,46512,46475,22918,35744,12374,20777,22515,5275,21235,21395,10008,15898,27983,35725,32419,33430,9572,26207,37330,21220
4,PEA135,"Beaumont, TX",REAG 5,46066600,2865,7073,1094,3740,1420,785,3146,7175,6976,1915,1136,3150,6723,3538,5414,7602,4306,5742,797,7410,6634,6250,3386,4741
4,PEA136,"Williamsport, PA",REAG 1,45479200,3072,1282,4808,4,1826,4438,3043,3511,356,5228,2817,2444,5304,4464,3456,4906,4553,902,5036,4590,692,1973,1865,4619
4,PEA137,"Eau Claire, WI",REAG 3,45243400,18490,38886,20541,28420,44486,24457,318,29283,6970,39808,6379,12636,18356,726,11894,193,31226,38343,2057,34355,33167,17544,40323,8376
4,PEA138,"Burlington, VT",REAG 1,45219100,1744,2437,1430,3844,3375,953,6149,4006,6791,7553,8200,3885,4901,7053,5445,7625,2998,2916,6884,5237,9,3753,2926,3481
4,PEA139,"Hot Springs, AR",REAG 4,44388000,61333,11618,99425,51109,21985,16227,51708,46432,51811,2952,22524,11997,101051,66389,49428,68454,46945,23145,94496,90228,100886,28487,69379,65254
4,PEA140,"Fredericksburg, VA",REAG 2,43870500,2189,7801,6026,8225,10416,4501,10413,4393,9374,238,9546,7079,4271,10537,6929,11526,7086,6118,9205,5891,5805,1102,10413,4609
4,PEA141,"Brainerd, MN",REAG 3,43520300,5892,12379,1422,7558,6806,4317,10429,651,1002,8721,12134,13302,11319,710,7316,8836,10877,3949,12811,9275,8319,1432,1170,6495
4,PEA142,"Merced, CA",REAG 6,43025600,2522,179,1408,5958,3865,5655,6087,1412,1527,713,6707,5211,6775,1830,5378,5595,6034,6722,6284,1149,5598,6215,270,6144
4,PEA143,"Keene, NH",REAG 1,42727500,168218,25891,138748,144484,100580,121884,120038,26843,198891,185257,150529,29996,74694,102301,71063,99092,18262,102824,56556,22691,80212,209407,121586,24479
4,PEA144,"Paris, TX",REAG 5,42319500,87385,55228,48860,9418,21019,39881,89772,67436,31503,51351,20791,1523,62492,18012,18279,73815,47204,31068,13323,43720,32495,82685,10310,44278
4,PEA145,"Columbia, TN",REAG 4,42294700,8790,2722,2198,4572,9294,2426,725,4419,8026,2781,2885,5639,6364,3706,3829,5404,1220,6917,7507,4214,2555,9511,9383,6993
4,PEA146,"Wilmington, NC",REAG 2,42041300,878437,878949,404546,775626,394684,518910,29111,495220,206580,280493,527436,745944,197638,94437,69115,945094,596928,350050,819491,908427,814790,197085,835230,44178
4,PEA147,"Salisbury, MD",REAG 2,41935500,904,234,1654,656,1557,64,1259,1531,1111,1945,643,1557,1370,1254,167,1086,806,1625,1078,1974,1654,53,1638,1495
4,PEA148,"Bellingham, WA",REAG 6,41231600,4179,2608,2820,3014,1920,1786,3730,3923,723,3143,4910,369,2589,3651,3672,1123,4527,2904,840,2658,1540,704,4574,913
4,PEA149,"Biloxi, MS",REAG 4,41106600,3630,4171,6277,559,2999,4404,4745,5882,7137,6726,7197,6486,1683,638,5285,542,454,1604,561,1529,2410,2844,1640,4261
4,PEA150,"Rolla, MO",REAG 4,40503700,60416,57107,92301,34195,80618,133790,99668,58033,156172,13946,160951,131475,198902,36329,143471,81716,122516,45463,150025,7362,41910,189806,50437,36988
4,PEA151,"Winston-Salem, NC",REAG 2,39807100,204325,155655,165296,130564,34486,111858,149156,204508,21610,206182,202971,291945,44848,184422,137281,341966,6161,351734,245665,50500,363274,242257,219002,71408
4,PEA152,"Tyler, TX",REAG 5,39707500,200,452,673,187,543,344,247,669,701,145,995,958,539,706,162,194,330,254,2,56,1015,856,751,693
4,PEA153,"Fond du Lac, WI",REAG 3,39535700,189577,147768,46606,81602,82177,221844,106493,72211,113100,55091,87334,192186,269505,32305,160960,78154,164038,271750,5376,222036,85807,48763,175183,48657
4,PEA154,"Myrtle Beach, SC",REAG 2,39457300,13300,16038,13450,32300,59983,27553,43346,39523,81746,78850,56060,58382,6614,67103,62140,3434,54577,81661,71085,47620,64676,19047,43275,59670
4,PEA155,"Appleton, WI",REAG 3,39266000,1877,5898,1477,1748,26615,16761,24025,31197,11519,5455,18354,24782,2528,18466,3322,30741,29916,20175,4744,21761,3540,3105,29818,2126
4,PEA156,"Boise City, ID",REAG 6,39236500,246,1052,1480,635,2558,2695,493,3443,2500,797,2502,922,691,1383,2253,992,2489,669,3183,3502,2536,1436,761,574
4,PEA157,"Yuma, AZ",REAG 6,39076800,24,615,310,9625,3114,739,7492,7924,9422,2065,11308,4751,3687,7906,11985,4139,3156,11710,1478,4369,4625,8383,3752,1518
4,PEA158,"Helena, MT",REAG 6,37800900,3609,2734,4327,4311,1357,2175,1120,630,3664,2988,1597,1060,1031,392,1103,3220,3531,2929,2902,2986,2541,2053,4100,1488
4,PEA159,"Valdosta, GA",REAG 2,37334300,101445,108300,57690,16804,124051,52905,103495,86672,118510,25447,22884,111877,11190,59916,102965,86193,102933,54866,102065,31743,768,109958,30344,95117
4,PEA160,"Victoria, TX",REAG 5,37155100,1722,1762,2338,1915,235,822,256,748,4,2560,2179,1659,331,1393,1184,2381,2321,234,2091,2321,170,1261,2385,1410
4,PEA161,"Carbondale, IL",REAG 4,36804300,254,207,260,71,266,80,239,166,273,138,101,196,81,127,235,246,138,100,140,22,176,154,36,216
4,PEA162,"Elizabethtown, KY",REAG 4,36451700,52628,392200,504368,360898,264325,490327,33982,260705,146169,136567,267288,448495,138087,257570,87826,466132,99878,325623,457519,151536,371358,250089,447449,305346
4,PEA163,"Davenport, IA",REAG 3,36325600,35347,189933,188789,96126,53991,72816,164528,188362,75844,96151,86611,11773,76618,98238,13178,95079,169399,174303,74612,240765,103464,232044,99426,150483
4,PEA164,"Montgomery, AL",REAG 4,36323700,379,4325,86,1929,1292,1576,4651,3984,4363,3029,355,1877,1688,1801,3692,3124,12,2775,446,1239,3666,2360,2861,1273
4,PEA165,"Rome, GA",REAG 2,36205300,79394,86294,86887,10405,99206,14895,76409,17355,19662,43848,93012,95262,7560,45962,91837,1991,32927,71782,138,58903,15715,41637,91748,9707
4,PEA166,"Redding, CA",REAG 6,36165200,142255,119365,247277,47426,133770,260741,242459,95916,184889,22231,165056,38966,34564,130890,111222,52556,41656,43884,133267,191482,166796,60429,241396,104179
4,PEA167,"Harrisonburg, VA",REAG 2,36088600,2854,3597,6976,422,11530,3684,10621,7548,2930,9732,7353,2718,10785,9906,7028,9136,7229,8743,6347,5311,11335,3243,3651,10843
4,PEA168,"Peoria, IL",REAG 3,36055200,4008,29000,264,13630,10944,716,22569,4550,11092,618,23470,12726,22030,24304,8384,19364,28732,11176,11652,10152,11553,2054,1343,16440
4,PEA169,"Goldsboro, NC",REAG 2,35890000,21798,19627,11633,18417,4926,18955,427,179,15773,15255,10670,3813,22873,1052,13973,19223,9197,1764,14935,18278,14523,23173,21691,22274
4,PEA170,"Dothan, AL",REAG 4,35839600,542,3901,1332,1445,1243,2013,54,219,2701,43,1688,3413,4113,1296,1638,471,2615,2499,1299,2949,3436,2135,3380,525
4,PEA171,"Fort Smith, AR",REAG 4,35610100,372681,127339,80258,263827,34181,10326,91635,208156,280816,90927,12605,368637,137956,69361,44009,85249,179023,51641,247522,351538,255567,374480,384270,78388
4,PEA172,"Duluth, MN",REAG 3,35418200,238,176,731,44,327,313,565,847,828,16,309,637,292,469,161,410,398,189,633,11,39,678,734,730
4,PEA173,"Blacksburg, VA",REAG 2,35283800,18306,17925,4493,4543,51269,65314,16922,59420,16282,55396,48246,42114,17858,28544,30550,2377,30048,55915,11137,55522,54539,61681,3179,41009
4,PEA174,"Springfield, MO",REAG 4,35259600,33884,30512,64912,45702,2751,66383,17657,11920,71441,30841,68179,16430,45086,34655,2397,36059,6809,39623,31921,68321,19650,26179,36618,36032
4,PEA175,"Southaven, MS",REAG 4,34974800,555,3315,1253,2214,1714,3195,3474,708,2542,1853,3066,291,734,2682,1761,2529,3827,1674,2646,2026,3564,2593,1136,129
4,PEA176,"Ames, IA",REAG 3,34824800,564812,538445,282128,304316,472696,405734,194578,507292,764143,830441,771889,178009,223615,715035,88721,389365,93922,518759,469498,172257,174215,800976,116608,354335
4,PEA177,"Savannah, GA",REAG 2,34761100,988,240705,162565,96715,83019,168144,69464,149675,216603,94334,244646,226095,90899,82181,118620,213642,253757,211042,62401,46267,86232,161613,58565,43406
4,PEA178,"Sedalia, MO",REAG 4,34658000,365,534,283,447,189,95,421,274,178,580,47,522,581,405,653,240,176,533,398,123,652,517,265,66
4,PEA179,"Burlington, IA",REAG 3,34635400,31776,26389,36352,147134,155310,55323,87041,87341,39455,101790,53216,133872,60539,142372,122913,158199,18804,8880,63414,19052,17984,41810,73005,11079
4,PEA180,"Flagstaff, AZ",REAG 5,34545400,2359,5403,7272,1217,2828,2492,6761,3570,2269,1274,5954,4885,6919,6241,3537,4730,4978,5136,6838,6650,3451,2201,4687,2653
4,PEA181,"Texarkana, TX",REAG 5,34320600,59555,109281,14906,154870,1603,7162,36907,169889,150872,122915,11917,76831,157682,111078,88559,12048,45521,87698,99600,144327,65188,122943,56670,107293
4,PEA182,"Cedar Rapids, IA",REAG 3,34210800,138719,2400,21344,103548,71880,11977,86443,128520,89138,113136,51963,106003,45781,132487,4767,22504,104212,19025,52248,36603,142153,40578,127186,42389
4,PEA183,"Columbia, MO",REAG 4,34019400,27018,32117,29021,13690,598,25192,12845,28478,35583,36744,32460,19951,28872,240,15266,15348,41542,20283,36666,8672,22540,42504,24865,35071
4,PEA184,"Ruston, LA",REAG 5,33841600,805,1772,1456,1199,1740,1527,619,1306,1199,445,139,130,1574,922,1057,852,1972,743,1926,1573,1213,361,332,491
4,PEA185,"Marquette, MI",REAG 3,33587100,61538,21478,35411,25442,34684,6246,30741,27027,2496,24540,38172,49443,35423,35632,1185,20397,20026,13401,56115,65634,34922,61414,54153,14216
4,PEA186,"Rock Hill, SC",REAG 2,33586500,32533,9732,9512,34068,8480,1765,36994,19797,8993,26755,30768,11250,30252,18459,15883,1327,13269,43416,33624,30864,39744,17000,16932,1626
4,PEA187,"Pocatello, ID",REAG 6,32856700,253,242,514,3,250,821,77,753,757,982,959,1172,377,260,729,853,248,886,866,700,186,425,608,1321
4,PEA188,"Jamestown, NY",REAG 1,32507500,6472,3439,3503,5109,6119,106,6621,2460,34,3810,169,4784,1350,2652,3628,1887,2014,1621,6862,4974,808,2851,6942,6328
4,PEA189,"Alexandria, LA",REAG 5,32463700,2981,2702,1457,1144,4007,4607,906,2298,2127,2458,1711,643,2656,1018,1760,1365,390,890,3184,522,2086,509,767,4141
4,PEA190,"Bozeman, MT",REAG 6,32407700,998,7080,6016,1629,4110,6533,833,5872,1045,2116,3052,2922,8699,7703,4361,275,6548,6167,8628,3787,7962,8852,8807,2032
4,PEA191,"Petersburg, VA",REAG 2,32117500,1609,266,2461,4714,4939,2732,4127,1202,699,4913,4558,5011,2030,2966,1476,2448,1789,4547,749,3109,4627,358,474,1987
4,PEA192,"Fayetteville, NC",REAG 2,31943100,8710,2547,140,1327,12815,432,13356,4751,13971,4913,8016,5575,9947,14330,8405,8623,3088,10359,9905,3612,9009,10350,8149,4537
4,PEA193,"Saint Joseph, MO",REAG 4,31841400,173,1715,6718,1664,2558,2650,6029,3810,3988,4713,1534,5912,1722,7141,721,5679,3646,391,5658,3802,810,1289,2869,2096
4,PEA194,"State College, PA",REAG 3,31786300,836,719,300,102,613,226,128,179,315,778,705,738,674,25,579,216,677,416,177,507,334,41,152,36
4,PEA195,"Lewiston, ID",REAG 6,31775100,1589,6123,2570,706,1358,1050,6285,449,4976,2286,2937,5732,452,1521,1913,584,6589,1852,5972,4917,6432,2938,397,4233
4,PEA196,"Cape Girardeau, MO",REAG 4,31571300,5,87,57,77,118,90,62,83,99,112,112,94,22,63,56,68,30,19,39,78,50,60,52,106
4,PEA197,"Wheeling, WV",REAG 3,31283700,1189,104,3869,753,3917,5176,2340,5358,4766,3230,4772,3378,613,3416,3315,3174,2734,8,76,2647,3472,650,3585,169
4,PEA198,"Jonesboro, AR",REAG 4,31131200,5516,1945,1893,1408,841,1740,1865,6401,4013,1233,4592,7815,2887,1591,2967,4900,7539,3325,5926,7254,6781,6937,2765,2620
4,PEA199,"Dalton, GA",REAG 2,31064500,4543,47514,29396,13752,18454,47581,41973,44001,13538,4138,34295,13274,42553,32046,24656,30486,37398,21978,8278,9034,23970,43436,37520,1335
4,PEA200,"Danville, VA",REAG 2,31038500,61400,5127,46491,46307,50051,13490,60587,60674,31637,17823,26820,28113,45134,44563,52449,48502,56137,55418,39071,45637,19568,30271,12979,41703
4,PEA201,"Eagle Pass, TX",REAG 5,30411100,39323,88710,89783,15014,56091,51231,65688,96041,79285,51242,6981,11086,60660,38709,36859,66358,36321,72327,59977,69816,29705,26402,97472,54204
4,PEA202,"Columbus, GA",REAG 2,30372200,100038,28770,150,73458,108524,28608,127900,27591,69958,77965,54324,184352,5876,132002,90603,67380,106781,150952,151326,70225,66161,114661,42345,120213
4,PEA203,"Traverse City, MI",REAG 3,30304100,10915,28246,29255,3238,14201,34603,3502,4349,1940,28319,13622,22052,3,16354,16842,10705,21338,12870,16247,5654,21107,14422,9358,2755
4,PEA204,"Owensboro, KY",REAG 4,30120600,3793,4029,4547,707,696,621,3776,3800,20,4048,3191,3323,1744,4275,2196,1599,387,1986,57,2316,3434,4308,3659,4296
4,PEA205,"Douglas City, CA",REAG 6,30091500,157662,22132,189486,153851,183178,197216,126630,28371,90552,190564,58573,56200,164481,86884,145307,153068,156109,109459,40174,93154,37898,14556,57155,46233
4,PEA206,"Wenatchee, WA",REAG 6,30076700,140,2432,2008,2235,3160,897,1640,569,3587,3705,1809,2658,1237,1531,1532,2927,3150,1012,3361,1275,1110,3810,3017,1489
4,PEA207,"Brunswick, GA",REAG 2,29874900,127336,24180,71709,73016,21822,139126,159923,72648,136974,95681,2701,62644,25276,136178,75518,175033,10475,107363,54056,124466,15968,8567,20304,109741
4,PEA208,"Salisbury, NC",REAG 2,29786500,175904,111458,18049,98603,134963,121364,93441,73374,149299,140147,169138,71058,57082,3390,107010,126653,76311,77314,74912,80856,141755,44944,161230,140037
4,PEA209,"Green Bay, WI",REAG 3,29636600,3733,3064,2604,2022,2293,2193,809,2886,1122,3190,4181,2616,417,4148,369,3984,1441,2405,3077,858,1730,4322,1632,3117
4,PEA210,"Binghamton, NY",REAG 1,29508100,417,3069,1587,2347,454,2271,3429,2889,1846,3650,2857,2689,434,3519,1754,4298,1784,2981,540,2454,2815,132,879,1263
4,PEA211,"Ardmore, OK",REAG 5,29182900,2407,573,2458,1954,565,210,240,142,2494,1449,2409,927,1398,940,466,1442,119,546,649,1697,556,2274,1325,64
4,PEA212,"Anchorage, AK",REAG 6,29182600,1385,22416,64361,59608,17509,64614,83625,29356,82243,43866,32839,6378,84806,29382,34094,22526,47721,17686,79229,53155,73815,46555,84769,21900
4,PEA213,"Bend, OR",REAG 6,28903400,37648,44417,18445,35801,52721,30065,30612,7256,42151,17811,45258,45075,17883,22494,5198,44097,49513,18109,8258,46024,5096,53487,27531,23599
4,PEA214,"Lincoln, NE",REAG 5,28540700,440524,1393195,256864,1437897,185160,606266,903563,16432,1547686,939447,58289,778565,114977,309501,313174,804325,1437583,473516,1118801,77337,359333,192741,1436061,458712
4,PEA215,"Hickory, NC",REAG 2,28246800,2338,3553,5092,436,5792,2609,1918,2928,1950,2904,4296,1751,1198,6401,5826,3523,4939,6196,1979,274,4645,4304,2147,3960
4,PEA216,"Joplin, MO",REAG 4,28050500,112582,4846,3230,19027,92032,4068,415,73164,71530,47255,39464,61978,82130,29505,2106,100000,110331,23449,78198,83760,86426,77238,100798,10362
4,PEA217,"Lubbock, TX",REAG 5,27883100,826,2517,8523,2604,4834,6196,7750,10076,4886,10727,9078,4774,1224,6383,4013,10797,6746,8318,8128,5016,1389,3798,1861,5122
4,PEA218,"Wausau, WI",REAG 3,27883100,73183,55753,913,48640,70388,21066,96314,2620,96308,4251,66459,70981,25028,13078,41212,33353,79457,35333,15019,97153,60377,85476,39754,11875
4,PEA219,"Mason City, IA",REAG 3,27702900,20640,6975,16754,15996,40288,25908,12144,5575,19652,32261,16875,23847,3583,28094,27783,35842,34245,34516,19611,26469,25200,2488,17741,16939
4,PEA220,"Odessa, TX",REAG 5,27400200,2672,4319,2350,260,1249,2828,4224,2427,2111,2619,4445,4238,1600,2231,139,4142,115,2319,3260,514,2006,1290,574,2716
4,PEA221,"Laredo, TX",REAG 5,26962200,1048,4373,3029,2069,3259,3259,3735,4194,3659,1370,4202,1147,4907,4484,2906,2014,317,3848,3860,528,1201,3673,3991,4500
4,PEA222,"Morristown, TN",REAG 4,26897800,10771,57059,60011,49359,50586,34023,23278,54752,37486,60750,16016,35651,42144,41311,9188,61920,11295,8795,38948,34237,41751,45019,18197,1717
4,PEA223,"Dubuque, IA",REAG 3,26475200,38688,11045,44653,44709,47216,46167,36682,13926,6950,56001,3838,20934,36762,32795,53803,7763,35247,2235,24368,26381,40374,20176,20857,447
4,PEA224,"De Kalb, IL",REAG 3,25778600,6372,16738,19903,16480,33299,11911,17436,36105,30614,39205,34537,37707,3984,24961,8867,23563,20973,31450,43446,10269,18603,39886,18219,31265
4,PEA225,"La Crosse, WI",REAG 3,25737600,41601,27845,33513,41052,750,10602,18715,39239,32167,34179,32243,21366,12389,10736,1652,42677,2693,30483,18753,33755,35223,33317,3994,21033
4,PEA226,"Lima, OH",REAG 3,25633700,650,327,567,1023,525,33,250,858,1112,111,440,1008,804,509,849,410,394,525,111,1027,687,149,265,68
4,PEA227,"Watertown, NY",REAG 1,25526000,892,4394,244,3903,2119,3046,3234,2310,1985,685,1630,2925,940,4710,4389,3389,3621,3591,2319,4108,3442,4518,3556,3317
4,PEA228,"Roanoke, VA",REAG 2,25254800,7003,3240,901,3265,6092,698,3512,642,4066,340,6091,4959,3373,4861,5650,6363,280,4030,7417,546,759,622,6758,4480
4,PEA229,"Saint George, UT",REAG 6,25248100,333,89,34,97,128,75,112,204,6,392,254,340,169,88,206,44,234,409,180,360,36,256,283,275
4,PEA230,"Lumberton, NC",REAG 2,25246700,159248,24910,53963,44445,115780,71707,80698,123832,123631,133275,101563,120006,162176,107946,62378,40659,106877,153798,150757,90963,157968,29574,63510,127609
4,PEA231,"Fremont, NE",REAG 5,24928700,65502,113732,92076,162657,23558,147170,86314,5904,36457,89267,3087,66676,41040,73294,29722,116848,24030,107003,44314,81824,71454,175387,140762,143090
4,PEA232,"Topeka, KS",REAG 4,24540200,43010,9640,40520,47595,58006,44282,76467,68190,23073,57729,43440,23268,23171,71763,15502,2920,18607,61970,88557,36074,82425,89222,58642,66146
4,PEA233,"Shelby, NC",REAG 2,24415300,3703,2296,4201,5090,2751,1526,202,1664,819,439,2894,1975,827,4958,1689,1264,915,2185,170,1446,243,1305,5172,706
4,PEA234,"Lexington, NC",REAG 2,24252400,2000,1769,6288,8400,1839,8477,689,5178,3712,8608,8275,5128,8690,3196,8976,2314,8676,7473,8599,7865,95,7385,8573,1161
4,PEA235,"Amarillo, TX",REAG 5,24179800,503,187,45,478,453,497,442,90,96,543,424,106,146,520,372,84,509,250,543,105,167,450,26,47
4,PEA236,"Grand Island, NE",REAG 5,24091300,572,2625,2975,2980,3543,3269,1789,2159,2889,2773,355,2524,3183,1862,870,254,854,3624,1383,1964,3526,681,1639,2488
4,PEA237,"Hinesville, GA",REAG 2,24034400,28203,41079,27536,29281,95592,113147,57287,46673,82007,15538,48247,74414,120590,60753,75265,56735,3304,97456,88838,115378,10845,25730,10130,12951
4,PEA238,"Florence, SC",REAG 2,23998900,124,490,84,980,1097,662,537,566,27,628,706,816,174,1090,904,343,223,13,315,16,1231,338,1166,441
4,PEA239,"Kannapolis, NC",REAG 2,23859600,19337,41248,27651,30361,11974,1870,2317,50417,4919,40841,58724,27430,30515,24749,36259,51435,34427,35341,6383,14066,44072,16119,54647,41654
4,PEA240,"Charlottesville, VA",REAG 2,23471200,13930,14729,4071,8280,13125,10527,418,7853,1437,8539,613,20841,2972,24711,2012,7888,11207,14434,4968,23483,11284,9664,16579,7894
4,PEA241,"Dublin, GA",REAG 2,23330200,162035,173739,14736,86881,4905,87002,145446,142777,191927,92505,106320,68880,17803,91434,62994,31033,78424,79921,186787,123907,9657,136941,41036,129718
4,PEA242,"Lake Charles, LA",REAG 5,23120100,2218,1479,2624,2009,2744,208,318,914,1075,989,1099,1695,2194,2080,15,982,631,1558,2128,1684,1381,1863,2185,327
4,PEA243,"Paducah, KY",REAG 4,23092400,782,163,468,448,182,42,395,748,621,875,621,495,66,247,25,258,698,146,801,622,58,586,97,695
4,PEA244,"Manhattan, KS",REAG 4,23092000,12007,126119,116483,73850,82463,31444,119948,60922,83337,51616,57514,133070,42890,88890,73750,100501,64943,96075,121599,83288,86095,82744,65459,56452
4,PEA245,"West Plains, MO",REAG 4,22979800,7347,15031,19115,12454,10676,4691,3376,12458,19733,23097,21601,23242,23245,4532,88,3013,22574,185,11739,8828,15752,2667,17502,11361
4,PEA246,"Auburn, AL",REAG 2,22878600,1201,1805,1326,1421,3864,3873,854,4265,2483,1654,231,4518,3050,4602,745,4106,172,1655,2405,2218,543,4108,4674,4428
4,PEA247,"Nampa, ID",REAG 6,22748700,2441,464,1082,989,1484,1128,1634,1577,1188,1116,506,1393,1748,1110,417,950,2016,9,778,1917,2340,1801,379,1887
4,PEA248,"Sumter, SC",REAG 2,22334400,1859,3947,2113,1661,4494,2515,11554,14981,5,3431,12719,11512,6518,9671,1842,1175,4793,3772,9201,13863,11724,767,5594,4639
4,PEA249,"Bryan, TX",REAG 5,22145500,613,404,142,465,111,118,324,23,126,540,630,322,470,294,394,435,689,367,696,615,245,504,316,351
4,PEA250,"Las Cruces, NM",REAG 5,22122100,10587,5415,15641,7861,11630,20711,9470,2789,1996,15536,2296,18142,309,4380,16783,10360,11109,3925,6378,12203,8702,20244,16902,17713
4,PEA251,"Salina, KS",REAG 5,21994500,16021,33367,12445,43971,38836,3181,14271,22074,9048,37675,10571,18915,50405,2632,15058,30182,27984,7964,44393,32824,38505,37045,4708,49983
4,PEA252,"Sioux City, IA",REAG 3,21806300,992,48007,43373,5837,47326,39559,19212,46212,50141,19273,42654,11274,17794,8533,16545,44742,20794,33067,20612,23739,9433,21242,42115,22714
4,PEA253,"Baraboo, WI",REAG 3,21641700,23894,29696,48109,23989,19047,3161,28748,11173,3368,11875,28197,24342,16409,30300,8561,21170,25118,10090,39096,40801,41029,46976,17279,41329
4,PEA254,"Merrill, WI",REAG 3,21616100,30380,534,10497,17482,26683,33915,4774,20157,31444,5479,12146,18355,25771,6847,24822,24060,1594,13346,16000,11126,6940,3868,21367,4107
4,PEA255,"Greenville, MS",REAG 4,21487200,3948,1238,3274,1092,4517,1979,1033,1393,3163,85,3299,2547,1487,1735,4621,2619,3240,270,4306,4131,1143,521,930,3340
4,PEA256,"Lynchburg, VA",REAG 2,21397700,21880,3110,6013,10482,129,21614,11770,23212,351,14793,6344,16736,13010,5878,10117,27920,6365,15940,18960,9793,23654,7366,6543,10603
4,PEA257,"Cheyenne, WY",REAG 5,21344500,25149,34286,4899,16929,22190,42643,41465,20452,10132,778,90,3068,29489,41812,27948,25933,20293,16067,41246,15056,3122,31975,438,25011
4,PEA258,"Cullman, AL",REAG 4,21022900,1941,1754,1523,1963,147,1231,455,1862,342,622,1596,1591,1260,1137,121,40,1213,1525,1132,1161,242,347,63,355
4,PEA259,"Roswell, NM",REAG 5,20960600,68225,70204,109186,24708,33805,54230,26235,70694,108572,42387,12483,105379,148568,22186,123965,57645,136413,81467,123459,133417,33703,148297,99158,111306
4,PEA260,"Alpena, MI",REAG 3,20886100,48162,8690,54500,8366,15366,51937,57392,43877,35377,37799,37656,12174,29523,56523,35456,14786,23254,16545,46756,40995,42545,51709,42352,7560
4,PEA261,"Fargo, ND",REAG 3,20877700,1039,1670,1659,183,1356,977,1731,383,1647,717,1100,165,1054,1090,1778,210,400,1396,1126,1021,207,691,1495,1459
4,PEA262,"Hilton Head Island, SC",REAG 2,20810000,12214,11285,1054,1077,11794,3474,3379,15637,1834,15828,3141,2516,5134,2698,10619,11606,10869,2218,7692,14491,9340,14187,3394,14614
4,PEA263,"Santa Fe, NM",REAG 5,20108100,13384,2304,1716,127,11330,673,5186,916,2577,13562,1970,257,7212,12050,13148,10706,3062,10051,1531,9494,862,7774,11314,5214
4,PEA264,"Kodiak, AK",REAG 6,20081300,26452,7944,29722,20303,21291,23035,14692,4038,29739,26144,9495,3504,22246,5291,22940,7369,18233,17387,5963,16219,33223,6365,30712,20110
4,PEA265,"Winona, MN",REAG 3,19746200,820,2637,159,302,2017,2489,873,1091,844,466,2870,1929,2977,449,1476,1108,1093,233,1625,894,1801,1448,2658,722
4,PEA266,"Lenoir, NC",REAG 2,19743000,3135,1456,3905,3864,761,290,3107,3293,480,47,2593,292,862,403,554,651,1936,1137,2683,3047,2476,768,3352,1294
4,PEA267,"Sheboygan, WI",REAG 3,19694900,311005,162352,508,156142,104035,127416,218600,198099,47059,309346,328549,322072,309480,219345,138261,315705,80296,320455,124165,22379,312901,180207,106781,139289
4,PEA268,"Clinton, IA",REAG 3,19667900,14663,2331,55910,58671,50727,29496,41248,13820,50939,27997,1826,22396,27811,47846,42865,58236,23862,31428,55002,29815,37493,28432,47895,54574
4,PEA269,"Racine, WI",REAG 3,19540800,2333,1900,7686,14979,2405,8858,8957,2300,10201,6144,4937,3453,13464,12256,252,9208,13775,7543,855,15187,10636,2943,14539,4345
4,PEA270,"Ottawa, IL",REAG 3,19385800,661,645,681,1215,1590,1244,1538,29,363,660,785,808,1768,305,411,737,698,132,1492,420,1231,1462,1436,1354
4,PEA271,"Elmira, NY",REAG 1,19343300,794,706,79,499,333,299,585,396,828,680,789,188,558,720,213,743,727,672,617,377,564,577,43,423
4,PEA272,"Brownwood, TX",REAG 5,19269200,54554,73069,66088,20375,58175,68594,58619,23244,74585,535,61806,71754,23944,33005,60513,59197,32518,65458,42262,59518,51564,51860,33337,29727
4,PEA273,"Bloomington, IL",REAG 3,18613300,1968,2338,742,1071,876,2879,1417,676,584,511,3490,2584,2343,682,2505,2270,517,1973,707,3523,533,1691,3115,1818
4,PEA274,"Twin Falls, ID",REAG 6,18579000,334,489,639,1,407,254,747,635,888,20,578,501,111,111,887,699,844,249,482,440,329,154,551,434
4,PEA275,"Corsicana, TX",REAG 5,18472500,53983,70133,70484,31653,83233,40858,71989,119896,18702,83889,49068,8150,73627,64478,116089,56984,15061,2791,106398,119988,12320,47177,120551,98743
4,PEA276,"Rapid City, SD",REAG 5,18363900,1789,2603,360,3193,1269,1430,824,768,2616,2969,3954,3250,3495,3627,652,1895,4022,1941,973,2376,2337,2006,296,4172
4,PEA277,"Hutchinson, KS",REAG 5,18310100,181139,183303,174226,4174,109582,232893,117299,90665,50057,115483,215140,49160,133338,239894,49620,49600,245953,122650,28996,225916,235425,245018,85551,102237
4,PEA278,"Bartlesville, OK",REAG 5,17988900,21083,36836,7731,69660,78963,14495,70059,81936,47978,69898,56151,41931,75946,49661,41005,62907,69563,22549,78378,54057,30899,86133,25084,73435
4,PEA279,"Logan, UT",REAG 6,17970300,180,304,326,1288,2422,2178,1623,153,2639,916,614,192,620,1615,2099,270,1643,1785,2766,1079,643,2249,556,1727
4,PEA280,"Garden City, KS",REAG 5,17715000,1089,976,399,983,630,1476,1646,1890,1641,1395,1724,478,1073,1480,1234,582,1028,1941,918,546,1783,1767,1243,1222
4,PEA281,"Muskogee, OK",REAG 5,17714800,240996,222169,406842,374774,340837,371103,151224,133772,225680,204009,344805,151903,57176,418027,378210,46918,375177,176357,225997,226960,13483,301273,363961,409139
4,PEA282,"Galesburg, IL",REAG 3,17360700,9433,15279,14449,8684,2478,10018,8369,15914,2436,17228,8423,14895,1204,6939,2987,17268,13223,1509,5186,6662,7705,11353,10426,14280
4,PEA283,"Plattsburgh, NY",REAG 1,17309700,41,1501,1557,1651,896,569,302,1032,348,1138,1032,1090,1143,563,1226,1761,1058,880,919,1760,1818,115,1354,762
4,PEA284,"Greenwood, SC",REAG 2,17184800,657,870,807,672,22,119,16,764,1178,115,777,819,414,965,525,1072,225,17,616,249,309,643,237,116
4,PEA285,"Gallup, NM",REAG 5,17022300,934,449,228,540,18,1181,18,921,915,170,1087,907,937,383,158,531,609,1000,27,985,476,671,434,95
4,PEA286,"Sioux Falls, SD",REAG 3,16946800,34279,36213,51440,5630,52467,15067,36402,60475,23739,15342,329,49800,33719,33537,65228,67535,7023,58441,66329,68181,21050,4743,35049,11634
4,PEA287,"Kenosha, WI",REAG 3,16642600,56772,26463,10659,901,63909,5876,45085,50431,6673,11705,22558,37867,11666,16965,60266,41829,4704,39265,23674,35631,15879,3617,18303,58551
4,PEA288,"Abilene, TX",REAG 5,16525200,464,449,70,294,936,787,984,81,1275,984,1205,672,944,8,1097,699,453,54,659,1717,255,1519,665,1097
4,PEA289,"Price, UT",REAG 6,16490000,9013,7852,1922,5027,3398,2217,4916,7322,4582,560,4034,3855,2909,9013,7031,2746,7522,7774,3593,5706,2753,4059,8466,6286
4,PEA290,"Watertown, SD",REAG 3,16374100,4578,43470,39106,34847,29706,27623,10243,45334,33503,13050,32936,28803,53137,55540,40974,16279,32960,5059,33832,18604,19365,57481,19056,57442
4,PEA291,"Rockingham, NC",REAG 2,16268400,66500,40146,4759,19100,68318,39272,62203,40629,27807,20010,25373,13870,65722,45336,35300,67279,60482,40325,47004,70962,57097,38110,11744,62873
4,PEA292,"Pueblo, CO",REAG 5,15906300,2131,403,170,1989,2666,1392,3227,174,2331,3919,71,1523,3523,2565,77,130,3995,1007,2185,868,4538,1176,2910,2180
4,PEA293,"Lawrenceburg, TN",REAG 4,15828300,274,302,1243,690,1699,2180,1118,190,1593,759,2069,737,641,326,2216,1160,1989,1177,772,595,1169,2201,2040,7
4,PEA294,"Waterloo, IA",REAG 3,15536600,1269,2211,2300,557,1242,1320,1406,1358,2515,65,294,1862,2231,1576,1959,945,2380,1586,1022,671,1687,453,1081,1679
4,PEA295,"Stillwater, OK",REAG 5,15205000,224873,103400,53692,38372,32383,255909,79831,199803,261466,71324,135162,109417,149528,11897,61651,23182,216530,10996,204791,130706,210945,271321,37767,102538
4,PEA296,"Pottsville, PA",REAG 1,14828900,280,65,206,331,509,402,362,712,438,196,288,611,446,258,397,501,2,245,431,677,162,657,543,725
4,PEA297,"Pendleton, OR",REAG 6,14670900,117665,49246,9121,82496,105460,103784,102627,88092,47461,41609,12825,66313,66315,99466,20883,51385,50498,66572,41600,299,101034,8002,46700,10196
4,PEA298,"Fairbanks, AK",REAG 6,14592800,4120,5912,6033,2555,2743,64,5620,3720,5456,4216,2146,3145,935,2155,3046,3805,295,2384,2711,2958,4146,2560,4851,3598
4,PEA299,"Kirksville, MO",REAG 4,14484700,1517,15499,21556,502,23541,3965,2943,24378,13529,22697,15852,3223,26107,27997,11892,25066,13721,24794,7449,24874,12748,20875,3558,25789
4,PEA300,"Selma, AL",REAG 4,14437600,1361,1463,1320,950,348,418,1245,1236,118,1086,376,933,1030,574,889,841,623,1058,715,1450,313,742,1273,896
4,PEA301,"Rochester, MN",REAG 3,14424800,681,540,350,675,474,601,706,35,769,600,103,569,458,443,226,580,766,577,409,466,741,124,416,615
4,PEA302,"Enid, OK",REAG 5,14373100,417,10113,9237,11918,6137,12206,10999,2545,7768,6440,6422,3112,10141,12411,10711,9454,10294,9924,278,2030,423,11303,4741,5041
4,PEA303,"Great Falls, MT",REAG 6,14301500,997,11,1879,64,273,1230,633,849,1061,1995,1471,883,1515,676,1649,1037,163,269,1335,1769,1491,1061,1533,1061
4,PEA304,"Mount Airy, NC",REAG 2,14301300,19034,20681,37474,33056,14588,13569,35699,21338,1645,19816,40943,44286,13218,43160,19294,13732,14851,44259,14722,48026,20852,46927,47102,30863
4,PEA305,"Altus, OK",REAG 5,14264400,195418,124681,150216,52470,192099,125550,142078,193820,185526,133729,13169,41881,158170,4575,207605,142210,24346,124467,90061,172407,144890,81781,137253,132160
4,PEA306,"Wichita Falls, TX",REAG 5,14225200,1567,15302,11890,6185,8776,11419,1902,8243,1138,3475,8651,10074,12992,14515,9409,11043,10825,1834,7377,7218,3785,10030,165,12196
4,PEA307,"Yankton, SD",REAG 3,14197300,3845,300,2931,2388,6063,1076,9000,7869,10879,4132,11547,9006,6130,7074,4901,7731,4185,7252,916,1716,7945,7465,5195,10137
4,PEA308,"Americus, GA",REAG 2,13888600,6694,4962,1487,7928,4921,11911,11526,7010,4331,8030,480,10895,11518,8055,7301,11696,8296,7418,365,7862,2824,6942,3029,281
4,PEA309,"Elizabeth City, NC",REAG 2,13703500,6787,9957,8129,8914,8656,5530,4152,9834,11483,3726,821,1051,5710,4379,7499,11338,10745,3179,5663,8366,1746,2883,10242,2869
4,PEA310,"Farmington, MO",REAG 4,13339500,352,1392,1488,930,1086,15,1347,656,520,680,595,228,244,914,447,607,410,163,1510,1339,252,665,1169,1465
4,PEA311,"Trinidad, CO",REAG 5,13272100,1925,456,383,1208,1247,643,638,1994,1317,1594,1459,70,319,1117,2046,1843,1017,1443,2147,1454,1668,2042,2123,57
4,PEA312,"Farmington, NM",REAG 5,13004400,1719,573,1386,3116,3222,2219,3012,1310,3029,3222,2859,664,233,3014,1368,293,3196,2922,711,2630,2036,2323,1622,1635
4,PEA313,"Lockhart, TX",REAG 5,12884900,752,1691,1242,2212,1594,2397,457,577,2044,2278,1837,1168,381,1653,700,889,165,2384,2397,134,1080,666,293,99
4,PEA314,"Jacksonville, TX",REAG 5,12797100,22,13,57,63,34,57,16,28,30,34,2,21,59,22,58,40,6,14,5,17,32,2,20,60
4,PEA315,"Sheridan, WY",REAG 6,12796300,1552,2176,751,1138,871,325,2015,1255,2120,2289,471,2223,923,325,594,259,194,1021,1019,8,784,366,764,1541
4,PEA316,"Rock Springs, WY",REAG 5,12543400,8745,13035,26352,29016,30620,23176,4985,20399,4707,37512,11692,5804,11825,42213,37550,11026,21745,27790,8222,38573,15688,18779,3272,911
4,PEA317,"Beatrice, NE",REAG 5,12493200,21291,72276,4071,75137,72428,31871,14691,14081,67583,74864,67882,72568,79970,80409,88064,70605,40984,48388,60094,7016,63599,7987,57101,68588
4,PEA318,"Thief River Falls, MN",REAG 3,12411000,14,76,89,986,262,422,948,510,754,423,662,591,508,655,841,660,627,659,485,987,443,350,543,867
4,PEA319,"Albany, GA",REAG 2,12286300,3128,5481,2411,9103,1853,1116,3831,9265,4558,6183,544,1599,1872,5334,237,5961,2909,7468,5288,179,6747,8470,6216,2809
4,PEA320,"San Angelo, TX",REAG 5,11941200,1025,1046,604,986,171,977,1495,441,160,1353,331,1118,1187,1113,1483,836,380,580,747,499,594,238,908,1485
4,PEA321,"Batesville, IN",REAG 3,11869300,713,4,1499,672,585,66,2025,1675,1138,89,2631,1532,2367,158,2001,1348,735,2363,60,1259,1349,1807,1405,2069
4,PEA322,"Minot, ND",REAG 3,11643900,32,2100,1390,1479,1747,1498,1476,684,70,1449,1609,78,1866,1072,1659,2063,715,464,1839,1197,1700,737,259,1392
4,PEA323,"Socorro, NM",REAG 5,11454300,2586,3153,2850,2447,3696,3053,336,3179,210,280,1353,2967,1220,932,2783,461,70,2496,3103,146,2526,1529,655,2647
4,PEA324,"Honesdale, PA",REAG 1,11019100,1480,948,892,431,1682,1006,1144,26,1466,193,629,1306,50,777,965,1294,1404,650,1234,516,766,353,357,1516
4,PEA325,"Bismarck, ND",REAG 3,10877900,1345,709,1614,1718,2167,2188,2069,454,2271,113,532,1991,1404,1014,1554,133,191,849,90,2158,139,545,555,702
4,PEA326,"Fergus Falls, MN",REAG 3,10864800,402,2182,875,852,758,249,654,2178,882,167,1400,1752,863,298,747,1353,76,2131,1977,185,588,409,1047,2054
4,PEA327,"Orangeburg, SC",REAG 2,10767600,48,834,329,1103,1332,1315,979,284,1218,183,296,1298,1263,704,900,542,705,1052,362,1165,1224,384,1320,427
4,PEA328,"Winslow, AZ",REAG 5,10744900,531,670,216,216,668,93,632,51,539,378,471,601,337,69,692,512,459,507,699,159,66,238,101,611
4,PEA329,"Kingsville, TX",REAG 5,10455800,504,1063,910,253,314,26,1171,1030,95,55,1483,722,476,455,365,547,1350,562,352,1069,913,883,578,969
4,PEA330,"Olney, IL",REAG 4,10297600,1183,1491,163,1687,422,1713,1621,1534,4,1541,106,951,1120,1085,1754,659,729,1689,1856,427,1938,229,815,1280
4,PEA331,"Plainview, TX",REAG 5,10273200,44025,9359,42659,20534,800,19149,35176,1297,42737,19372,20847,42439,37446,53273,4035,9256,42932,4958,26060,25911,19142,2203,7758,13468
4,PEA332,"Bennettsville, SC",REAG 2,10261500,11773,38638,296,27224,24062,16789,9032,42860,38387,25201,19537,13125,11647,32245,37654,21609,18300,16089,37544,929,24094,32405,28576,20427
4,PEA333,"Sidney, OH",REAG 3,10238200,29,294,222,289,224,223,24,427,226,246,410,115,207,291,479,477,193,87,368,95,312,313,230,353
4,PEA334,"Pampa, TX",REAG 5,10068500,10081,17535,10408,2018,11397,6781,1560,9485,14927,20421,7562,13455,14840,11148,3481,9172,14590,19028,13577,3312,20919,5081,8916,16363
4,PEA335,"Natchitoches, LA",REAG 5,9954600,639,616,392,754,378,1117,530,492,1163,1087,702,1001,1058,1052,735,341,1145,306,497,462,474,1128,770,902
4,PEA336,"Grand Forks, ND",REAG 3,9846100,107,183,374,408,661,242,163,528,266,112,345,621,259,640,679,259,85,332,12,123,93,167,117,712
4,PEA337,"Mineral Wells, TX",REAG 5,9531100,1831,14059,8937,12195,6105,15450,6399,1183,6251,8883,7833,838,4628,14875,15986,10800,12106,2282,15999,13721,13106,13874,12425,8396
4,PEA338,"Durango, CO",REAG 5,9171600,30735,23717,22280,942,4216,19820,19424,18308,30791,11027,22307,7056,17569,28731,5772,29488,1057,27987,10404,8918,13506,18935,15446,26719
4,PEA339,"Scottsbluff, NE",REAG 5,9157100,47,5,149,276,159,14,8,219,249,242,192,6,18,156,4,324,231,134,317,346,75,38,4,200
4,PEA340,"Clovis, NM",REAG 5,8452900,202,251,44,266,118,156,14,116,189,221,18,284,208,191,171,46,224,292,266,16,98,14,144,198
4,PEA341,"Alamogordo, NM",REAG 5,8429400,75664,77997,92217,67079,52688,95222,53813,97152,16514,41395,79459,35659,4170,5292,54062,13807,8572,58324,51039,48413,96522,96451,17729,40944
4,PEA342,"Mitchell, SD",REAG 3,8346500,1540,1026,3208,13127,21623,14443,10452,14611,13073,254,19668,14072,6926,10329,2147,5276,1077,8954,18137,14091,23958,6552,20392,2925
4,PEA343,"Pecos, TX",REAG 5,8233200,15,40,43,9,5,54,11,29,48,7,19,14,55,9,29,47,37,20,49,34,7,38,30,28
4,PEA344,"Clanton, AL",REAG 4,8231800,482,49,263,291,454,415,380,325,11,448,92,80,121,20,229,58,147,276,345,413,38,435,141,32
4,PEA345,"Newberry, SC",REAG 2,8133900,456,235,115,811,304,110,85,783,316,126,341,777,222,152,484,617,863,649,383,581,934,202,861,698
4,PEA346,"Franklin, NC",REAG 2,8081400,19832,3790,17889,16477,13520,10549,29086,12781,11567,22764,33724,1863,6828,2872,1822,7086,32744,27883,19372,34004,25666,10156,27502,5555
4,PEA347,"New Roads, LA",REAG 4,7977500,387,113,1009,227,992,835,1060,1419,853,1446,1081,436,1225,792,1355,1362,1361,712,537,1138,494,459,137,466
4,PEA348,"Aberdeen, SD",REAG 3,7954100,13813,56502,52866,26009,58439,54128,76870,61741,4114,39203,66350,24586,16478,42713,28775,63166,12744,58292,63542,50215,28556,39930,75135,49327
4,PEA349,"Marion, NC",REAG 2,7839300,29801,6216,28685,32709,23267,29800,11238,33455,12549,14064,5620,5886,5349,13234,8921,579,30545,25794,19185,31197,15650,15553,36559,38387
4,PEA350,"Forrest City, AR",REAG 4,7830900,413,189,656,494,502,532,374,345,231,761,735,582,682,668,68,767,482,601,159,693,263,151,73,575
4,PEA351,"Dickinson, ND",REAG 3,7818300,8,7,3,18,7,12,8,14,13,1,25,8,19,9,22,27,24,9,9,4,13,23,25,7
4,PEA352,"Gonzales, TX",REAG 5,7754900,225,488,251,446,261,317,424,530,81,338,523,182,406,304,526,30,356,160,297,340,200,480,167,345
4,PEA353,"Watseka, IL",REAG 3,7744000,18,430,378,145,30,78,244,391,463,227,173,407,120,202,410,195,138,398,104,114,82,173,425,233
4,PEA354,"New London, WI",REAG 3,7690600,75600,68542,38356,78295,15996,63910,24594,58691,78684,69508,30099,45182,76049,38792,64160,84648,53378,15411,30304,68879,83179,54635,64325,34233
4,PEA355,"Casper, WY",REAG 5,7545000,6037,1422,5989,5463,5429,4210,112,407,3449,2122,1873,3426,5830,4354,345,5781,3366,3450,119,3895,1269,4156,604,3145
4,PEA356,"Colville, WA",REAG 6,7465300,179,894,118,127,226,404,566,222,403,833,213,921,10,795,705,613,35,833,557,249,131,198,90,153
4,PEA357,"Espanola, NM",REAG 5,7318300,1363,3042,3092,2906,1695,316,1336,1738,3110,2681,2704,3095,1489,2,3169,2885,2155,1985,2321,1542,3022,3152,1609,1650
4,PEA358,"Marble Falls, TX",REAG 5,7254800,354,148,404,2,240,9,267,83,105,40,37,300,257,183,304,426,395,436,163,253,322,225,360,188
4,PEA359,"Sterling, CO",REAG 5,7217500,19,37,691,401,214,52,243,453,121,189,266,168,342,214,4,691,307,190,697,212,333,264,677,82
4,PEA360,"Juneau, AK",REAG 6,7166400,309,734,605,907,782,985,379,901,339,715,878,582,694,832,674,1034,10,12,58,710,294,730,213,447
4,PEA361,"Richfield, UT",REAG 6,7137300,95612,21068,90568,73589,44594,55226,3201,41413,35043,92696,51184,93837,72587,42485,99533,47317,72217,98257,20970,47029,31437,7787,80627,76350
4,PEA362,"Payette, ID",REAG 6,7040600,23,57,523,296,278,30,497,486,445,613,190,58,594,475,21,318,636,32,10,203,476,671,135,624
4,PEA363,"Big Spring, TX",REAG 5,7029700,392,5073,5736,5823,4469,2011,7967,4033,2591,4085,1149,807,2079,5966,7848,5141,1650,6377,1758,7256,5736,2779,2906,5506
4,PEA364,"Butte, MT",REAG 6,6976200,601,1358,1073,57,1202,1431,1170,440,1152,307,98,483,1029,619,546,705,1227,401,45,516,637,225,1241,578
4,PEA365,"Vernon, TX",REAG 5,6960300,16395,21901,21861,4935,8402,3542,22289,21570,10597,5871,9475,13310,9155,1244,21043,3376,12574,22931,6719,9672,5922,5701,21356,356
4,PEA366,"Pullman, WA",REAG 6,6866500,462,929,1307,267,846,540,1161,5,1109,1064,979,431,968,397,186,114,286,1134,790,291,750,805,238,1358
4,PEA367,"Moberly, MO",REAG 4,6615600,102369,45371,63627,20574,2757,104499,51810,35356,29953,82003,108833,46973,38675,78983,76362,36641,1485,84922,91416,38638,59301,89443,44918,46687
4,PEA368,"Concordia, KS",REAG 5,6557700,626,193,604,290,574,36,457,809,120,625,122,116,380,627,501,15,727,216,473,521,454,665,425,693
4,PEA369,"Red Oak, IA",REAG 5,6520300,1084,14801,74736,5593,67684,56508,36960,60916,27656,59489,32371,25831,687,42794,6138,10146,17912,54509,36108,42773,22033,26728,2234,25435
4,PEA370,"Washington, IA",REAG 3,6413500,35998,15412,2226,32126,16440,19768,10412,37968,13231,35786,13241,15166,20774,8530,39974,34552,38609,10674,31340,31533,22292,14368,10977,23936
4,PEA371,"Wytheville, VA",REAG 2,6296500,12940,34718,24815,44568,11509,37072,9353,48340,38809,24202,16260,14569,2311,137,48632,27921,5648,13600,24514,38210,28454,9976,30613,27945
4,PEA372,"Colby, KS",REAG 5,6295100,229,514,656,1022,1123,361,418,502,65,616,830,1263,702,1330,559,555,147,1227,878,670,587,560,1248,1474
4,PEA373,"Walla Walla, WA",REAG 6,6285900,465,677,81,167,448,514,798,267,635,310,644,626,321,608,798,209,445,605,619,15,761,367,42,656
4,PEA374,"North Platte, NE",REAG 5,6159200,950,612,323,631,687,221,749,681,1114,726,86,458,973,1086,149,291,263,405,523,532,643,660,875,906
4,PEA375,"Deming, NM",REAG 5,5950300,6137,1632,6601,8956,1052,1376,7028,7708,6766,882,4602,2168,5169,219,1797,1515,1359,8147,8751,3349,2055,4924,7641,396
4,PEA376,"Hereford, TX",REAG 5,5912700,1306,59929,52869,27743,66403,47514,42053,54730,33653,25213,32010,17127,68491,62927,7686,15790,53496,32817,23636,49954,32515,69341,29422,65838
4,PEA377,"Demopolis, AL",REAG 4,5769400,108,197,1175,1191,1114,1107,158,80,685,131,139,930,1211,138,436,843,373,804,208,534,1001,844,503,687
4,PEA378,"Waynesboro, GA",REAG 2,5750200,800,915,673,195,821,887,657,482,193,447,53,796,524,29,564,95,911,462,130,538,488,34,213,364
4,PEA379,"Sault Ste. Marie, MI",REAG 3,5626400,25264,51522,36164,42878,17402,3280,17250,3612,11731,43493,37798,45238,5339,50964,2234,45624,24112,47611,5678,36322,8486,436,39526,21134
4,PEA380,"Escanaba, MI",REAG 3,5515500,7678,8316,5545,3084,17918,17169,13723,2350,3412,13502,4895,6458,9423,2654,8534,8099,6561,1036,12499,14475,1207,9379,5672,12466
4,PEA381,"Del Rio, TX",REAG 5,5447900,300,80,117,91,298,77,126,9,202,171,300,246,18,294,25,3,241,25,113,310,119,101,5,149
4,PEA382,"Riverton, WY",REAG 5,5346800,795,428,75,728,613,1132,1177,453,1328,511,698,1398,891,1115,451,578,451,1340,1186,806,407,1250,103,639
4,PEA383,"Creston, IA",REAG 3,5070900,11890,101064,37078,65658,77668,51491,117641,143511,107530,108569,153413,43044,141073,101377,140850,91591,51495,128882,39180,11926,4121,124871,46480,154127
4,PEA384,"Manchester, IA",REAG 3,5022300,17832,66519,97444,22768,48244,26547,170148,175164,5829,49488,126012,66130,176527,110808,14548,72126,146189,114821,170582,170620,33966,74584,165731,176386
4,PEA385,"Hannibal, MO",REAG 3,4915900,3722,1765,1121,2505,2165,3234,2204,2161,2172,2157,951,909,229,1208,739,2659,2711,3803,2949,1174,3921,525,3160,1016
4,PEA386,"Barnwell, SC",REAG 2,4902700,352,166,419,405,246,350,6,318,115,158,363,279,354,296,66,293,135,50,163,360,152,95,154,216
4,PEA387,"Wahpeton, ND",REAG 3,4852100,217,40,399,437,475,392,521,206,15,342,254,480,438,75,517,443,339,270,312,177,521,392,437,517
4,PEA388,"Atlantic, IA",REAG 5,4717000,20566,13474,140082,79725,36339,72397,100695,7099,58653,159385,104567,19758,107326,90571,24568,45184,119117,119747,7186,55983,126359,20627,40549,41190
4,PEA389,"McCook, NE",REAG 5,4701400,140,121,41,57,119,4,13,45,137,36,96,160,127,133,3,43,18,124,127,134,82,48,56,66
4,PEA390,"Snyder, TX",REAG 5,4551400,100,33,5,106,145,146,15,54,88,60,84,146,85,90,133,35,21,163,91,39,89,48,100,19
4,PEA391,"Ontario, OR",REAG 6,3873500,5354,12024,5514,9905,10698,1553,14159,12117,9161,334,3363,6573,13620,3654,9096,12632,10254,5331,7071,9518,8098,10628,9943,14326
4,PEA392,"Maryville, MO",REAG 4,3719100,13814,27400,1769,25153,25803,31478,19990,23251,20445,12191,9245,18817,750,24952,23528,6364,30605,18582,8657,26721,2006,11072,14236,7481
4,PEA393,"Macon, MO",REAG 4,3615800,25349,17769,47279,11518,25091,15857,31221,13871,19936,47965,39171,41493,3034,44611,32846,51118,29180,55097,43461,36746,18875,50439,27364,22564
4,PEA394,"Martin, SD",REAG 5,3465100,708,3100,1371,231,585,1065,719,1124,3360,2461,613,239,3383,3135,408,140,1622,1464,508,1779,1112,1776,649,1345
4,PEA395,"Jamestown, ND",REAG 3,3432800,2,14,39,18,22,13,35,6,17,22,19,25,3,25,9,19,35,5,8,27,33,30,12,39
4,PEA396,"Winterset, IA",REAG 3,3431500,11204,4070,8977,4592,11959,3061,9071,11523,4266,11390,8017,10687,10593,12945,12654,318,3102,9603,13063,7703,4977,5418,8763,727
4,PEA397,"Aliceville, AL",REAG 4,3431000,70,35,414,17,325,89,131,160,425,335,229,381,298,21,72,294,300,94,103,174,287,425,16,158
4,PEA398,"South Sioux City, NE",REAG 3,3394600,9279,7499,4329,8109,1016,6151,8276,4542,7921,6646,4468,9476,4890,1434,6700,810,8569,3756,4291,6415,1914,3597,9362,5537
4,PEA399,"Lampasas, TX",REAG 5,2580800,64,46,232,220,98,209,244,176,215,133,25,216,7,202,239,252,12,97,217,2,217,53,175,79
4,PEA400,"Muleshoe, TX",REAG 5,2549600,18516,20085,28254,21412,9117,29872,20174,6021,17537,5318,18335,38737,3552,23860,36427,30131,28833,14838,28507,3608,25649,3909,39926,22365
4,PEA401,"Floydada, TX",REAG 5,2506500,15377,19524,5857,11098,15552,14859,11053,3722,19801,535,11242,8037,7349,1186,36,4827,20367,17546,19757,17158,5909,126,13878,1397
4,PEA402,"Brady, TX",REAG 5,2323100,55,67,61,69,3,97,71,12,9,20,61,68,10,97,36,57,24,27,74,75,78,89,92,29
4,PEA403,"Lewistown, MT",REAG 6,2197000,10,1,8,21,30,13,21,2,11,20,12,22,10,15,22,13,24,13,15,15,12,29,9,19
4,PEA404,"Kanab, UT",REAG 5,2187100,11,1,68,56,84,34,76,115,134,29,71,126,23,135,79,120,86,34,35,100,39,23,7,90
4,PEA405,"Jackson, WY",REAG 6,2129400,1335,561,824,623,1108,1296,1001,1892,1592,1823,1565,954,1443,898,764,590,268,855,81,1957,1097,1542,1746,1831
4,PEA406,"Anamosa, IA",REAG 3,2063800,5028,4015,3754,4457,2443,7015,4620,3877,2922,3636,3753,1785,6331,2011,1009,7051,7022,1571,4869,3037,5873,7020,4307,2318
4,PEA407,"Salmon, ID",REAG 6,1519500,90,26,22,60,132,67,129,29,33,8,133,59,10,52,99,127,132,32,40,24,94,25,61,115
4,PEA408,"Ballinger, TX",REAG 5,1496400,29,64,37,149,230,149,45,13,53,5,225,9,8,107,251,39,177,135,191,235,183,231,196,55
4,PEA409,"Haskell, TX",REAG 5,1477200,694,764,507,286,928,659,939,270,202,55,872,229,347,306,870,840,741,767,259,365,316,860,156,513
4,PEA410,"Valentine, NE",REAG 5,1179600,3807,1195,3481,1472,2990,201,1011,1755,2165,992,2524,3265,3913,2570,3323,40,3854,1642,4430,4115,3496,1014,1468,3150
4,PEA411,"Van Horn, TX",REAG 5,587400,12759,60613,5245,3750,35857,48096,29563,34300,60436,13937,23675,28131,15554,40343,57712,25948,43634,24791,2199,41939,44401,2692,40569,473
